<?xml version="1.0" encoding="utf-8"?>
<!--Created using XmlSitemapGenerator.org - Free HTML, RSS and XML sitemap generator-->
<rss version="2.0">
  <channel>
    <title>
								Need help with your plans in Revit?
							</title>
    <link>https://www.arquidis.com.co</link>
    <description />
    <item>
      <guid>https://www.arquidis.com.co</guid>
      <title>
								Need help with your plans in Revit?
							</title>
      <link>https://www.arquidis.com.co</link>
      <description>Hire architectural draftsman in Latin America only when you need them, You only pay after you have received the job to your satisfaction, We can help you with custom families for interior or exterior design, such as doors, windows or lighting.</description>
      <pubDate>Sun, 10 May 2020 11:26:00 Z</pubDate>
    </item>
    <item>
      <guid>https://www.arquidis.com.co/work.html</guid>
      <title>
					Jobs that are on fixed price, or hourly terms
				</title>
      <link>https://www.arquidis.com.co/work.html</link>
      <description>Hire architectural draftsman in Latin America only when you need them, You only pay after you have received the job to your satisfaction, We can help you with custom families for interior or exterior design, such as doors, windows or lighting.</description>
      <pubDate>Sun, 10 May 2020 11:26:00 Z</pubDate>
    </item>
    <item>
      <guid>https://www.arquidis.com.co/point.html</guid>
      <title>
								We draw your point cloud in a Revit model
							</title>
      <link>https://www.arquidis.com.co/point.html</link>
      <description>We modeling in Revit or CAD from a point cloud. We draw plans or topographic surveys. Hire draftsman in Latin America only when you need them</description>
      <pubDate>Sun, 10 May 2020 11:26:00 Z</pubDate>
    </item>
    <item>
      <guid>https://www.arquidis.com.co/about.html</guid>
      <title>
							We are a company located in Latin America dedicated to providing Revit drafting Services
						</title>
      <link>https://www.arquidis.com.co/about.html</link>
      <description>We are a company located in Latin America dedicated to providing, Our location allows us to offer competitive prices in the industry.</description>
      <pubDate>Sun, 10 May 2020 11:26:00 Z</pubDate>
    </item>
    <item>
      <guid>https://www.arquidis.com.co/index.html</guid>
      <title>
								Need help with your plans in Revit?
							</title>
      <link>https://www.arquidis.com.co/index.html</link>
      <description>Hire architectural draftsman in Latin America only when you need them, You only pay after you have received the job to your satisfaction, We can help you with custom families for interior or exterior design, such as doors, windows or lighting.</description>
      <pubDate>Sun, 10 May 2020 11:26:00 Z</pubDate>
    </item>
  </channel>
</rss>
<!--<guid value="3e07159a-c99f-47ea-85a6-7011c062289b" />-->
<!--Created using XmlSitemapGenerator.org - Free HTML, RSS and XML sitemap generator-->